0,Sound,mus_zz_megalovania,0,,,,,;
0,SansBody,Handup,,;
0,SansBody,HandDown,,;
0,SansTorso,Default,,;
0,SansHead,ClosedEyes,,,,;
0,SansText,Ready?,,,;
0.5,BlackScreen,1,,,,;
0,Sound,Flash,,,,,;
1,Sound,Ding,,;
0.77777,BlackScreen,0,,,,,;
0,SansHead,NoEyes,,,;
0,CombatZoneResizeInstant,239,226,404,391,,,,;
0,HeartMode,1,,,,;
0,HeartTeleport,310,304,,,,,,;
0,Sound,mus_zz_megalovania,0,,,,,;
0.6,SansBody,HandUp,,,;
0,SansSlam,3,,,;
0,BoneStab,3,35,0.5666,0.1666,,;
0,BoneStab,1,95,0.3666,0.1666,,;
0.6,SansBody,Handleft,,;
0,SansHead,BlueEye,,,;
0.1,Sound,Ding,,;
0,CombatZoneResizeInstant,10,226,204,391,,,,;
0,HeartTeleport,100,270,,;
0,SansBody,HandLeft,,;
0,SansSlam,2,,,;
0,BoneStab,2,35,0.4555,0.2,,;
0.2,SansBody,HandDown,,,;
0.5,SansSlam,1,,,;
0,BoneStab,1,30,0.466,0.1,,,;
0,Sound,Slam,,;
0,SansTorso,Default,,;
0.2,HeartMode,0,,;
0.4,BoneVRepeat,128,257,35,0,150,8,103;
0.4,BoneVRepeat,128,297,35,0,150,8,103;
0.7,GasterBlaster,1,100,0,265,364,180,0.7,1;
1.0,GasterBlaster,0,100,0,265,242,180,0.7,1;
2.1,GasterBlaster,1,100,0,265,330,180,0.6,1;
0.1,GasterBlaster,1,100,0,265,300,180,0.6,1;
1.5,SansHead,BlueEye,,,;
0,Sound,Ding,,;
1,CombatZoneResizeInstant,239,226,404,391,,,,;
0,HeartMode,0,,,,;
0.2,HeartTeleport,310,304,,,,,,;
0.2,SansHead,NoEyes,,;
0,SansBody,HandUp,,,;
0,SansSlam,3,,;
1,GasterBlaster,0,10,0,60,235,0.2,0.2;
1,GasterBlaster,0,10,0,60,257,0.2,0.2;
0.5,GasterBlaster,0,10,0,60,235,0.2,0.2;
0.5,GasterBlaster,1,10,0,60,258,0.5,0.2;
0.3,GasterBlaster,0,10,0,60,235,0.5,0.2;
0.1,HeartMode,0,,;
0.1,BoneStab,1,30,2,2,;
0.1,BoneStab,3,30,2,2,;
0.1,BoneStab,0,25,2,2,;
0,BoneStab,2,25,2,2,;
0,Sound,GasterBlaster,,;
1,GasterBlaster,1,400,430,160,300,1.7,2;
0,GasterBlaster,1,,0,200,210,20,1.7,2;
0,GasterBlaster,1,,0,40,290,20,1.7,2;
0,GasterBlaster,1,,0,440,200,120,1.7,2;
0,SansTorso,Default,,;
3,SansHead,Default,,;
1.3,SansText,Welp,,;
0,SansHead,NoEyes,,,;
0,SansText,Get comfortable,,;
0.2,SansText,We're gonna be here for       a   while,,,;
0,SansAnimation,Idle,,;
0.5,BlackScreen,1,,,,;
0,Sound,Flash,,,,,;
1,Sound,Ding,,;
0.77777,BlackScreen,0,,,,,;
0,Sound,mus_zz_megalovania,1,,,,,;
0,CombatZoneResize,133,251,508,391,,;
0,HeartTeleport,320,376,,,,,;
0,HeartMode,1,,,,,,;
0.2,BoneVRepeat,228,157,95,0,280,8,10;
0,BoneVRepeat,128,366,20,0,200,4,100;
0,BoneVRepeat,503,257,95,2,190,8,180;
0,BoneVRepeat,503,366,20,2,190,8,180;
7.5,GasterBlaster,0,100,0,500,372,180,0.466,0.1;
2,SansText,it's not late to turn back     now,,;
0,SansTorso,Shrug,,;
0,SansHead,Wink,,;
0,SansText,Why not Take a Break?,,;
1.6,BlackScreen,1,,,;
0,Sound,Flash,,;
0.2,BlackScreen,0,,;
0,SansAnimation,Idle,,,;
0,SansTorso,Default,,;
0,SansHead,Default,,;
0,CombatZoneResize,133,251,508,391,,,;
0,HeartTeleport,320,376,,,,,;
0,HeartMode,1,,,,,,;
1,SansTorso,Default,,;
0.5,BoneVRepeat,128,366,20,0,120,8,76;
0,BoneVRepeat,513,257,107,2,120,8,76;
7.2,SansBody,HandUp,,;
0,SansSlam,3,,,;
1.2,BoneVRepeat,128,286,107,0,120,7,76;
0,BoneVRepeat,523,197,85,2,120,7,76;
5.5,SansBody,HandDown,,,;
0,SansAnimation,Idle,,;
0.5,SansBody,HandDown,,,;
0.01,SansSlam,1,,;
0.3,SansAnimation,Idle,,;
0.6,Heartmode,0,,;
0,Sound,Ding,,;
0,Sound,Ding,,;
1,GasterBlaster,0,200,100,200,320,0,0.76666,0.03333;
0,GasterBlaster,0,200,100,550,320,180,0.66666,0.03333;
;
;
0,GasterBlaster,1,200,100,200,360,0,0.96666,0.03333;
0,GasterBlaster,1,200,100,550,360,180,0.56666,0.03333;
;
0,GasterBlaster,1,200,100,350,200,90,0.46666,0.03333;
0,GasterBlaster,1,200,100,310,200,90,0.86666,0.03333;
;
;
0,GasterBlaster,1,200,100,170,200,90,0.56666,0.03333;
0,GasterBlaster,1,200,100,480,200,90,0.76666,0.03333;
0,SansTorso,Default,,;
3.2,SansHead,LookLeft,,;
0.2,SansText,A part of me always knew     this was going to happen,,,;
0.5,BlackScreen,1,,,,;
0,Sound,Flash,,,,,;
1,Sound,Ding,,;
0.77777,BlackScreen,0,,,,,;
0,SansHead,Default,,,;
0,SansAnimation,Idle,,;
0,CombatZoneResize,134,251,508,391,;
0.2,BoneV,523,286,100,2,300,1;
0.5,BoneV,533,266,100,2,300,1;
0.5,BoneV,503,286,100,2,300,1;
0,GasterBlaster,0,100,0,500,268,180,1.066,1.1;
0.2,BoneV,503,286,100,2,300,1;
0.5,BoneV,503,266,100,2,300,1;
0.5,BoneV,503,286,100,2,300,1;
0,GasterBlaster,0,100,0,500,368,180,1.066,1.1;
0.2,BoneV,503,286,100,2,300,1;
0.5,BoneV,503,266,100,2,300,1;
0.5,BoneV,503,286,100,2,300,1;
0.2,GasterBlaster,0,100,0,500,318,180,1.066,1.1;
0.2,BoneV,523,286,100,2,300,1;
0.5,BoneV,523,266,100,2,300,1;
0.5,BoneV,523,286,100,2,300,1;
0.2,GasterBlaster,0,100,0,500,328,180,1.066,1.1;
0.2,BoneV,503,286,100,2,300,1;
0.5,BoneV,503,266,100,2,300,1;
0.5,BoneV,503,286,100,2,300,1;
0.2,BoneV,503,286,100,2,300,1;
0.5,BoneV,503,266,100,2,300,1;
0.5,BoneV,503,286,100,2,300,1;
0.2,BoneV,503,286,100,2,300,1;
0.2,GasterBlaster,0,100,0,500,338,180,1.066,1.1;
0.2,GasterBlaster,0,100,0,500,318,180,1.066,1.1;
0.2,GasterBlaster,0,100,0,500,278,180,1.066,1.1;
0.5,BoneV,503,266,100,2,300,1;
0.5,BoneV,503,286,100,2,300,1;
0.2,BoneV,503,286,100,2,300,1;
0.5,BoneV,503,266,100,2,300,1;
0.5,BoneV,503,286,100,2,300,1;
2,SansHead,ClosedEyes,,;
0.1,SansText,Hell who knows how many    times  we've done this,,;
2.5,BlackScreen,1,,,,;
0,Sound,Flash,,,,,;
1,Sound,Ding,,;
0.77777,BlackScreen,0,,,,,;
0,SansHead,Default,,;
0,CombatZoneResizeInstant,239,226,404,391,,,,;
0,HeartTeleport,300,304,,,,,,;
1,SansBody,HandUp,,,;
0,SansSlam,3,,,;
0,BoneStab,3,35,0.5,0.1,,;
1,HeartMode,0,,,;
0,Sound,Ding,,;
0,SansAnimation,Idle,,;
0,SansTorso,Default,,;
0,BoneStab,1,65,0.6,1,,,;
0.6,BoneStab,3,70,1,1,,,;
1.0,BoneStab,0,90,0.5,1,,,;
1.75,BoneStab,2,120,0.5,1,,,;
0,SansHead,Default,,;
2,BlackScreen,1,,,,;
0,Sound,Flash,,,,,;
1,Sound,Ding,,;
0.77777,BlackScreen,0,,,,,;
0,GasterBlaster,1,600,480,379,446,270,0.333,0.7;
0,GasterBlaster,1,0,0,189,176,45,0.333,1.2;
0,GasterBlaster,1,500,0,449,176,135,0.333,1.2;
2,SansText,At this point im not sure     if you do this out of     curiosity,,;
0,SansHead,NoEyes,,;
1,SansText,Or Enjoyment?,,;
1,BlackScreen,1,,;
0,Sound,Ding,,;
0,BlackScreen,0,,;
0,CombatZoneResize,281,256,376,391,,,,;
0,HeartTeleport,320,304,,,,,,;
0,HeartMode,1,,,,,,,;
0.2,BoneVRepeat,128,257,95,0,180,8,120;
0,BoneVRepeat,128,366,20,0,180,8,120;
0,BoneVRepeat,503,257,95,2,180,8,120;
0,BoneVRepeat,503,366,20,2,180,8,120;
6.8,SansBody,HandUp,,;
0.1,SansSlam,3,,,;
0.2,GasterBlaster,0,0,0,295,206,450,0.333,0.26666;
0,GasterBlaster,0,0,0,355,206,450,0.333,0.26666;
0,GasterBlaster,0,0,0,425,306,180,0.333,0.26666;
2.8,SansHead,ClosedEyes,,;
0,SansText,To be blunt,,,;
0,SansText,The reason doesnt really     matter,,;
0,SansHead,Default,,;
1,BlackScreen,1,,,;
0,Sound,Flash,,;
0.2,BlackScreen,0,,;
0.8,SansBody,HandDown,,;
0.1,SansSlam,1,,,;
0,CombatZoneResizeInstant,212,226,460,391,,,,;
0,HeartTeleport,315,304,,,,,,;
0,BlackScreen,0,,,;
1,Sound,Warning,,;
0,Platform,250,335,45,0, 100,1;
0,BoneStab,1,40,1.5,5;
0,Sound,BoneStab,,;
1.33333,BoneV,128,326,70,0,260,0;
0,BoneV,128,216,90,0,260,0;
0.73333,BoneV,128,326,70,0,260,0;
0,Sound,BoneStab,,;
0,BoneV,128,216,90,0,260,0;
0,SansAnimation,Idle,,;
1.03333,BoneV,428,326,70,2,260,0;
0,Sound,BoneStab,,;
0,BoneV,428,216,90,2,260,0;
0,Sound,BoneStab,,;
;
0.93333,BoneV,128,326,70,0,230,0;
0,Sound,BoneStab,,;
0,BoneV,128,216,90,0,230,0;
;
0,BoneV,428,326,70,2,290,0;
0,BoneV,428,216,90,2,290,0;
0.5,Sound,BoneStab,,;
2,SansHead,Tired1,,;
0,SansTorso,Shrug,,;
0,SansText,What difference would   that    make?,,;
0,BlackScreen,1,,,;
0,Sound,Ding,,;
1,Sound,Ding,,;
0.1,Sound,Ding,,;
0,BlackScreen,0,,,;
0,SansHead,Default,,;
0,SansAnimation,Idle,,;
1,SansBody,HandUp,,;
0,SansSlam,3,,;
0,BoneStab,3,30,0.566,0.1,,,;
0.6,SansBody,HandDown,,;
0,SansSlam,1,,,;
0,BoneStab,1,30,0.666,0.2,,,;
0.9,SansBody,HandRight,,,;
0,SansSlam,0,,,;
0,BoneStab,0,25,0.566,0.1,,;
0.9,SansBody,HandLeft,,,;
0,SansSlam,2,,,;
0,BoneStab,2,25,0.666,0.1,,;
0.9,SansBody,HandDown,,,;
0,SansSlam,1,,,;
0,BoneStab,1,25,0.666,0.1,,;
0.9,SansBody,HandUp,,,;
0,SansSlam,3,,,;
0,BoneStab,3,25,0.666,0.1,,;
0.9,SansBody,HandDown,,,;
0,SansSlam,1,,,;
0,BoneStab,3,130,0.666,0.1,,;
2,BlackScreen,1,,;
0,Sound,Ding,,;
0,BlackScreen,0,,;
0,SansTorso,Default,,;
0,SansAnimation,Idle,,;
0,BlackScreen,1,;
0,HeartTeleport,315,304,,,,,,;
0,Sound,Ding,,;
0,SansHead,BlueEye,,;
0,HeartMode,1,,;
1,BlackScreen,0,,;
0,CombatZoneResize,133,251,508,391;
0.2,SansHead,NoEyes,,;
0.4,BoneVRepeat,128,360,45,0,150,12,133;
0,PlatformRepeat,552,346,51,2,120,12,140,;
0,PlatformRepeat,-20,306,51,0,120,12,160,;
0.4,BoneVRepeat,128,255,45,0,150,12,133;
0.3,GasterBlaster,0.7,640,286,560,326,180,0.6,0.1;
0.9,GasterBlaster,0.7,640,286,560,366,180,0.7,0.1;
0,SansHead,Default,,;
;
1.2,GasterBlaster,0.7,640,286,560,276,180,0.7,0.1;
0.2,GasterBlaster,0.7,640,286,560,326,180,0.7,0.1;
;
1.2,GasterBlaster,1,640,286,560,276,180,0.7,0.1;
0,GasterBlaster,1,640,286,60,276,360,0.7,0.1;
;
1.2,GasterBlaster,1,640,286,70,386,360,0.7,0.1;
0,GasterBlaster,1,640,286,560,386,180,0.7,0.1;
;
1.2,GasterBlaster,0.7,640,286,560,276,180,0.7,0.1;
0.2,GasterBlaster,0.7,640,286,560,276,180,0.7,0.1;
;
9,SansSweat,1,,,;
0,Sound,mus_zz_megalovania,0,,,,,;
0,SansHead,Tired1,,,;
1,SansText,Yeah with that being said...,,;
0,SansHead,Default,,;
0,SansTorso,Default,,;
0,SansText,Look...I have a feeling you        dont really wanna do this,,;
0,SansTorso,Shrug,,;
0,SansText,How about you give up?,,;
0,SansText,C'mon let's forget about     this,,;
0,SansTorso,Default,,;
0,SansText, While you choose...,,;
0,SansTorso,Shrug,,;
0,Sans,Head,Wink,,;
0,SansText,Im gonna take a break,,;
1,SansTorso,Default,,;
10,SansText,Still here?,,;
0,SansHead,Wink,,;
1,SansText,Eh i'll wait a bit more,,;
0,SansHead,LookLeft,,,;
5,SansHead,Default,,,;
2,SansHead,ClosedEyes,,;
0,SansText,Alright...,,;
0,SansText,well It was worth a shot...,,,;
0,SansHead,NoEyes,,,;
0,SansText, I Guess you like doing    things the hard way,,;
0,BlackScreen,1,,,;
1,Sound,Flash,,,;
0.5,BlackScreen,0,,;
0,SansAnimation,Idle,,;
0,CombatZoneResize,281,256,376,391,,,,;
0,HeartTeleport,320,304,,,,,,;
0,HeartMode,1,,,,,,,;
0,SansBody,HandUp,,;
0.3,SansAnimation,Idle,,;
0,SansSlam,3,,;
0.6,BoneVRepeat,295,304,205,2,260,10,120;
0,BoneVRepeat,295,256,20,2,220,10,120;
5.5,BoneStab,2,51,0.486,0.2;
0.7,BoneStab,0,30,0.466,0.2;
1.2,SansBody,HandDown,,;
0,SansSlam,1,,;
0.5,CombatZoneResizeInstant,209,226,435,391,,,,;
0,Platform,250,335,45,0, 100,1;
1,BoneStab,1,43,1.2,7,;
0,SansTorso,Default,,;
0.2,BoneHRepeat,207,200,40,1,60,10,70;
0,BoneHRepeat,400,200,40,1,60,10,70;
1.5,GasterBlaster,1,100,0,300,190,90,1.066,1.1;
2.5,GasterBlaster,0,100,0,390,170,90,1.066,0.3;
0.1,GasterBlaster,0,100,0,300,170,90,1.066,0.3;
4,BoneStab,3,100,1,1,;
0.3,SansAnimation,Idle,,;
2,SansText,I always  thought the     anomaly was doing this     because they were unhappy,,;
0,SansText,But You made me understand,,;
0,SansHead,NoEyes,,;
"0,SansText,You're just curious to     complete a""challenge"" arent    you?,,,";
1,Sound,mus_zz_megalovania,1,,,,,;
0.5,BlackScreen,1,,,,;
0,Sound,Flash,,,,,;
1,Sound,Ding,,;
0,Sound,Ding,,,;
0,Sound,Ding,,,;
0.77777,BlackScreen,0,,,,,;
0,HeartMode,0,,,,,,;
0,SansHead,NoEyes,,,;
0,HeartTeleport,315,304,,,,,,;
0,CombatZoneResizeInstant,239,226,404,391,,,;
0.5,GasterBlaster,1,100,0,500,382,180,2.066,1.1;
0,GasterBlaster,0,100,0,500,312,180,2.066,1.1;
0.01,GasterBlaster,1,100,0,500,248,180,2.066,1.1;
;
0.1,GasterBlaster,0,100,0,330,452,270,2.066,1.1;
0.1,GasterBlaster,0,100,0,370,452,270,2.066,1.1;
0.1,GasterBlaster,0,100,0,250,452,270,2.066,1.1;
0.1,GasterBlaster,1,100,0,280,452,270,2.066,1.1;
;
;
;
3.5,GasterBlaster,0,100,0,400,452,270,1.066,1.1;
0.1,GasterBlaster,0,100,0,300,452,270,1.066,1.1;
0.1,GasterBlaster,0,100,0,370,452,270,1.066,1.1;
0.1,GasterBlaster,0,100,0,395,452,270,1.066,1.1;
0.1,GasterBlaster,0,100,0,250,452,270,1.066,1.1;
0.1,GasterBlaster,0,100,0,260,452,270,1.066,1.1;
0.1,GasterBlaster,0,100,0,270,452,270,1.066,1.1;
;
1,BoneStab,1.2,140,1,2,,,;
0,CombatZoneResizeInstant,239,226,404,391,,,,;
0,BlackScreen,0,,,;
4,SansTorso,Shrug,,,;
0,SansHead,ClosedEyes,,;
0,SansText, Well..,,,;
0,SansText,That question answers      itself,,;
0.3,SansText,look where we are now,,,;
0,BlackScreen,1,,;
0,Sound,Flash,,;
1,BlackScreen,0,,;
0,SansTorso,Default,,;
0,SansHead,NoEyes,,;
0,CombatZoneResizeInstant,179,226,465,391,,,,;
0,HeartTeleport,315,304,,,,,,;
1,SansBody,HandDown,,;
0,SansSlam,1,,;
0.4,Platform,300,335,50,0,0,1;
1,BoneStab,1,45,2,3,;
0,BoneStab,3,40,2,3,;
0.2,BoneV,523,286,100,2,200,1;
2,Sound,BoneStab,,;
0,SansAnimation,Idle,,;
0,Sound,BoneStab,,;
0,BoneV,120,300,35,0,250,0,;
0.4,Sound,BoneStab,,;
0,Sound,BoneStab,,;
0,BoneV,523,276,25,2,320,0;
0.35,Sound,BoneStab,,;
0,Sound,BoneStab,,;
0,BoneV,523,276,25,2,250,0;
0.2,Sound,BoneStab,,;
0,BoneV,120,300,35,0,300,0,;
;
0.95,Sound,BoneStab,,;
0,BoneV,120,322,75,0,300,0,;
;
0.6.SansBody,HandRight,,;
0.5,BlackScreen,1,;
0,HeartTeleport,460,360,,;
0,CombatZoneResizeInstant,441,226,635,391,;
0.2,BlackScreen,0,;
0,SansSlam,0,;
0.2,SansBody,HandDown,,;
0,SansSlam,1,,;
0.5,BoneStab,0,52,1,5,;
0,BoneStab,2,52,1,5;
0,SansAnimation,Idle,,;
 1,BoneHRepeat,500,200,40,1,170,5,120;
 0.1,BoneHRepeat,547,550,40,3,160,5,120;
4,BlackScreen,1,,;
0.2,Sound,Flash,,;
1,BlackScreen,0,,;
1,SansText,Look at yourself,,,;
0,SansText,You dont even try to     justify your actions,,;
0,SansHead,NoEyes,,;
0,SansAnimation,Idle,,;
0,CombatZoneResize,181,141,476,401,,,,;
0,HeartTeleport,300,354,,,,,,;
0,HeartMode,1,,,,,,,;
0,Platform,250,335,45,0, 100,1;
 0,Platform,250,270,40,0, 120,1;
  0,Platform,250,220,35,0, 140,1;
  0,Platform,250,180,30,0, 130,1;
  1,Sound,Ding,,;
  0,Sound,Ding,,,;
0,Sound,Ding,,,;
  0.2,Sound,Ding,,,;
  0,Sound,Ding,,,;
  0.6,BoneStab,1,50,1.777,1;
  0.6,Sound,Ding,,;
  0.7,Sound,Ding,,;
  0.5,BoneStab,1,120,1.665,1,;
  0,Sound,Ding,,;
  0.5,Sound,Ding,,;
  0,Sound,Ding,,,;
0,Sound,Ding,,,;
  1,BoneStab,1,200,0.965,1,,;
  1,Sound,Ding,,;
  0.2,Sound,Ding,,;
  0.6,BoneStab,3,200,1.665,1,;
  4,BlackScreen,1,;
  0,Sound,Flash,,;
   0,Sound,Flash,,;
 1,BlackScreen,0,;
 0,CombatZoneResizeInstant,239,226,404,391,,,,;
0,HeartTeleport,315,304,,,,,,;
 0,HeartMode,0,,;
2,SansText,You just keep going and     going..,,;
0,CombatZoneResizeInstant,239,226,404,391,,,,;
0,HeartTeleport,315,304,,,,,,;
0,CombatZoneResizeInstant,239,226,404,391,,,;
0,GasterBlaster,1,640,286,455,176,135,1,0.5;
0,GasterBlaster,1,640,286,305,476,270,1,0.5;
2.2,SansBody,HandUp,,;
0,SansSlam,3,,;
0,GasterBlaster,0,640,286,455,235,180,0.3,0.3;
0.9,GasterBlaster,0,640,286,455,235,180,0.7,0.3;
0,GasterBlaster,0,640,286,345,195,90,0.7,0.3;
1,SansBody,HandLeft,,;
0,SansSlam,2,,;
0.8,HeartMode,0,,;
0,GasterBlaster,0,640,286,250,150,90,0.5,0.5;
0.1,GasterBlaster,0,640,286,275,150,90,0.5,0.5;
0.1,GasterBlaster,0,640,286,295,150,90,0.5,0.5;
0.1,GasterBlaster,0,640,286,320,150,90,0.5,0.5;
0.1,GasterBlaster,0,640,286,340,150,90,0.5,0.5;
0.1,GasterBlaster,0,640,286,370,150,90,0.5,0.5;
0,SansHead,NoEyes,,;
3.2,SansText,But..This time it ends    here,,,;
0.5,BlackScreen,1,,,,;
0,Sound,Flash,,,,,;
1,Sound,Ding,,;
  0,Sound,Ding,,,;
1,Sound,Ding,,;
  0,Sound,Ding,,,;
0.77777,BlackScreen,0,,,,,;
0,CombatZoneResizeInstant,239,226,404,391,,,,;
0,HeartMode,1,,;
1.2,BoneVRepeat,383,284,50,2,90,23,70,;
0,BoneVRepeat,243,335,50,0,90,22,70,;
0,BoneVRepeat,243,233,50,0,90,21,75,;
8,HeartMode,0,,;
0.5,GasterBlaster,1,100,0,100,372,0,1.066,0.2;
2,GasterBlaster,1,100,0,100,242,0,1.066,0.2;
0,SansSweat,2,,;
9.9,SansHead,LookLeft,,;
0,SansText,'Cause Y'see all this fighting   is really tiring me out,,,;
0,SansHead,ClosedEyes,,;
0,SansText,And if you keep pushing me,,;
0,SansHead,Wink,,,;
0,SansText,I'll be forced to use my    special attack,,;
;
0,SansBody,HandUp,,;
0,SansSlam,3,,;
0,BoneStab,3,25,0.566,0.1,,;
0,BoneStab,1,90,0.566,0,1,,;
0.7,SansBody,HandDown,,;
0,SansSlam,1,,;
0,BoneStab,1,25,0.567,0.2,,;
0.76,SansBody,HandRight,,;
0,SansSlam,0,,,;
0,BoneStab,0,35,0.667,0.12;
0,SansBody,HandLeft,,;
0,SansSlam,2,,;
0,Bonestab,2,15,0.566,0.1,;
0.8,HeartMode,0,,;
0.5,SansBody,HandRight,,;
0.5,SineBones,20,-24,360,25,,,,;
2,GasterBlaster,1,0,0,189,246,0,0.333,0.26666;
0,GasterBlaster,1,0,0,259,166,90,0.333,0.26666;
0,GasterBlaster,1,640,480,449,366,180,0.333,0.26666;
0,GasterBlaster,1,640,480,379,446,270,0.333,0.26666;
0.7,BoneStab,3,30,0.566,0.4,;
0,BoneStab,1,30,0.5666,0.4,;
0,BoneStab,0,30,0.566,0.4,;
0,BoneStab,2,34,0.566,0.4,;
0,Sound,GasterBlaster,,,;
1,GasterBlaster,0,640,286,255,156,90,0.9,0.5;
0,GasterBlaster,0,640,286,325,156,90,0.9,0.5;
0,GasterBlaster,0,640,286,385,156,90,0.9,0.5;
;
0,GasterBlaster,0,640,286,155,256,360,0.9,0.5;
0,GasterBlaster,0.7,640,286,155,316,360,0.9,0.5;
0,GasterBlaster,0.7,640,286,155,376,360,0.9,0.5;
;
2,GasterBlaster,0,640,286,295,156,90,0.9,0.5;
0,GasterBlaster,0,640,286,355,156,90,0.9,0.5;
0,GasterBlaster,0,640,286,395,156,130,0.9,0.5;
;
0,GasterBlaster,0,640,286,155,236,360,0.9,0.5;
0,GasterBlaster,0.7,640,286,155,346,360,0.9,0.5;
0,GasterBlaster,0.7,640,286,155,376,360,0.9,0.5;
;
0,GasterBlaster,0,640,286,505,256,180,0.9,0.5;
;
;
;
;
2,GasterBlaster,1,640,286,255,156,90,0.9,0.5;
0,GasterBlaster,0,640,286,306,450,270,0.9,0.6;
0,GasterBlaster,1,640,286,385,156,90,0.9,0.5;
;
0,GasterBlaster,0,640,286,155,256,360,0.9,0.5;
0,GasterBlaster,0.7,640,286,155,316,360,0.9,0.5;
0,GasterBlaster,0.7,640,286,155,376,360,0.9,0.5;
0,SansAnimation,Idle,,;
2,SansText,Alright...,,,;
0,SansText,Here goes nothing...,,;
0,SansText,Are you ready?,,,;
0,SansText,Survive THIS and i'll show you   my special attack,,;
;
0,CombatZoneResizeInstant,239,226,404,391,,,,;
0,HeartTeleport,315,304,,,,,,;
0,BlackScreen,0,,,;
0,SansSweat,3,,,;
0,SansBody,HandUp,,;
0,BoneStab,3,20,0.566,0.11,;
0,SansSlam,3,,;
0.5,SansBody,HandRight,,;
0,SansSlam,0,,;
0,BoneStab,0,25,0.500,0.01,,;
0.5,SansBody,HandLeft,,;
0,SansSlam,2,,;
0,BoneStab,2,20,0.499,0.1,,;
0.5,SansBody,HandLeft,,;
0,SansSlam,2,,;
0,BoneStab,2,20,0.499,0.1,,;
0,SansBody,HandUp,,;
0,BoneStab,3,20,0.566,0.11,;
0,SansSlam,3,,;
0.5,SansBody,HandDown,,;
0,SansSlam,1,,;
0,BoneStab,1,25,0.500,0.01,,;
0.5,SansBody,HandLeft,,;
0,SansSlam,2,,;
0,BoneStab,2,20,0.499,0.1,,;
0.2,SansBody,HandDown,,;
0,SansSlam,1,,;
0.2,Sound,Ding,,;
0,HeartMode,0,;
0,Sound,BoneStab,,;
0,Sound,BoneStab,,;
0.4,BoneV,523,336,60,2,250,0;
0,Sound,BoneStab,,;
0,Sound,BoneStab,,;
0,BoneV,523,226,80,2,250,0;
;
0.8,SansBody,HandRight,,;
0,SansSlam,0,,;
0.1,CombatZoneResizeInstant,241,226,449,391,,,,;
0,CombatZoneResize,-10,226,650,391,,,,;
0,CombatZoneSpeed,900,,,,,,,;
0.33333,HeartMaxFallSpeed,-370,,,,,,,;
0,SansAnimation,Idle,,,,,,,;
0,SansRepeat,,,,,,,,;
0,CombatZoneResize,-10,226,650,391,,,,;
0.3,CombatZoneSpeed,30,,,,,,,;
0,CombatZoneResize,-10,264,650,369,,,,;
0.9,GetHeartPos,HeartX,HeartY,,,,,,;
0,HeartTeleport,40,$HeartY,,,,,,;
0,HeartMaxFallSpeed,0,,,,,,,;
0,SansSlam,0,,,,,,,;
0,SansSlam,0,,,,,,,;
0,BoneStab,1,80,1,1,;
2,GasterBlaster,0.7,640,286,560,286,180,0.5;
0,GasterBlaster,0.7,640,286,560,326,180,0.5;
2,BoneStab,1,80,1,1,;
2,BoneStab,3,80,1,1,;
0,GasterBlaster,0.7,640,286,560,326,180,0.3;
2.5,GasterBlaster,0,640,346,560,346,180,0,1;
0,GasterBlaster,0.7,640,286,560,286,180,0,0;
1,GasterBlaster,0.7,640,286,560,326,180,0,0;
1.1,GasterBlaster,0.7,640,286,560,326,180,0.3;
0.3,GasterBlaster,0.7,640,286,560,286,180,0.3;
;
2,HeartMaxFallSpeed,330,,,,,,,;
1.2,SansEndRepeat,,,;
0,BoneStab,1,30,1,1,;
0,BoneStab,3,30,1,1,;
1.2,BoneStab,0,30,0.666,0.3,,,;
1.8,BlackScreen,1,,;
0,Sound,Flash,,;
0.5,BlackScreen,0,,;
0,CombatZoneResizeInstant,239,226,404,391,,,,;
0,HeartTeleport,315,304,,,,,,;
0,HeartMode,0,,;
0,SansX,550,,;
0,SansHead,LookLeft,,;
0.6,BoneStab,3,80,0.667,0.02,;
0,BoneStab,0,45,0.567,0.10,,;
0.9,BlackScreen,1,,;
0,Sound,Ding,,;
  0,Sound,Ding,,,;
    0,Sound,Flash,,;
;0,Sound,Flash,,
0.5,BlackScreen,0,,;
0,SansX,180,,,,,,,;
0,SansAnimation,Idle,,;
0,SansTorso,Shrug,,;
0,SansHead,Default,,;
0.7,BoneStab,3,100,0.667,0.5,;
1.2,BlackScreen,1,,;
0,Sound,Ding,,;
0.8,BlackScreen,0,,;
0,SansX,500,,,,,,,;
0,SansHead,Wink,,;
0,SansAnimation,Idle,,;
0.6,BoneStab,1,70,0.666,0.1,;
0,BoneStab,0,80,0.777,0.2,;
1,BlackScreen,1,;
0,Sound,Ding,,;
  0,Sound,Ding,,,;
0.4,Sound,Flash,,;
0.3,Sound,Ding,,;
0.4,Sound,Flash,,;
0,BlackScreen,0,,;
0,SansX,320,,,,,,,;
0,SansTorso,Default,,;
0,SansHead,NoEyes,,;
1,SansAnimation,Tired,,;
0,SansSweat,3,,,;
1,GasterBlaster,1,100,0,230,452,300,0.266,0.4;
0.1,GasterBlaster,1,100,0,315,452,270,0.466,0.4;
0.1,GasterBlaster,1,100,0,401,452,245,0.566,0.4;
0.1,GasterBlaster,1,100,0,451,392,210,0.666,0.4;
0.1,GasterBlaster,1,100,0,451,330,185,0.666,0.4;
0.1,GasterBlaster,1,100,0,451,236,155,0.766,0.3;
0.1,GasterBlaster,1,100,0,400,165,110,0.766,0.3;
0.1,GasterBlaster,1,100,0,330,160,95,1.06,0.3;
0.1,GasterBlaster,1,100,0,265,155,75,1.2,0.25;
0.1,GasterBlaster,1,100,0,205,205,40,1.366,0.24;
0.1,GasterBlaster,1,100,0,180,285,20,1.366,0.23;
0.15,GasterBlaster,1,100,0,150,405,340,1.466,0.22;
;
1.5,GasterBlaster,1,100,0,230,452,300,0.266,0.21;
0.3,GasterBlaster,1,100,0,315,452,270,0.366,0.21;
0.3,GasterBlaster,1,100,0,401,452,245,0.366,0.201;
0.3,GasterBlaster,1,100,0,451,392,210,0.366,0.2;
0.3,GasterBlaster,1,100,0,451,330,185,0.366,0.1;
0.3,GasterBlaster,1,100,0,451,236,155,0.366,0.1;
0.24,GasterBlaster,1,100,0,400,165,110,0.366,0.1;
0.25,GasterBlaster,1,100,0,330,160,95,0.366,0.1;
0.25,GasterBlaster,1,100,0,265,155,75,0.366,0.1;
0.29,GasterBlaster,1,100,0,205,205,40,0.366,0.1;
0.29,GasterBlaster,1,100,0,180,285,20,0.366,0.1;
0.29,GasterBlaster,1,100,0,150,405,340,0.366,0.1;
0.3,GasterBlaster,1,100,0,230,452,300,0.266,0.1;
0.3,GasterBlaster,1,100,0,315,452,270,0.366,0.1;
0.1,GasterBlaster,1,100,0,230,452,300,0.266,0.1;
0.2,GasterBlaster,1,100,0,315,452,270,0.366,0.1;
0.2,GasterBlaster,1,100,0,401,452,245,0.366,0.1;
0.2,GasterBlaster,1,100,0,451,392,210,0.366,0.1;
0.2,GasterBlaster,1,100,0,451,392,210,0.366,0.1;
;
;
;
0.25,GasterBlaster,1,100,0,205,205,40,0.366,0.1;
0.25,GasterBlaster,1,100,0,265,155,75,0.366,0.1;
0.24,GasterBlaster,1,100,0,400,165,110,0.366,0.1;
0.25,GasterBlaster,1,100,0,451,236,155,0.366,0.1;
0.25,GasterBlaster,1,100,0,451,330,185,0.366,0.1;
0.3,GasterBlaster,1,100,0,451,392,210,0.366,0.1;
0.3,GasterBlaster,1,100,0,401,452,245,0.366,0.1;
0.3,GasterBlaster,1,100,0,230,452,300,0.266,0.1;
0.3,GasterBlaster,1,100,0,330,160,95,0.366,0.1;
0.3,GasterBlaster,1,100,0,180,285,20,0.366,0.1;
0.3,GasterBlaster,1,100,0,205,205,40,0.366,0.1;
0.3,GasterBlaster,1,100,0,265,155,75,0.366,0.1;
;
2,SansHead,BlueEye,,;
0,Sound,Ding,,;
0.33333,HeartMaxFallSpeed,570,,,,,,,;
0.3,SansBody,HandRight,,;
0,SansSlam,0,,;
0.3,SansBody,HandLeft,,;
0,SansSlam,2,,;
0.3,SansBody,HandRight,,;
0,SansSlam,0,,;
0.3,SansBody,HandLeft,,;
0,SansSlam,2,,;
0.3,SansBody,HandRight,,;
0,SansSlam,0,,;
0.3,SansBody,HandLeft,,;
0,SansSlam,2,,;
0.5,SansBody,HandRight,,;
0,SansSlam,0,,;
0.5,SansBody,HandLeft,,;
0,SansSlam,2,,;
0.4,SansBody,HandUp,,;
0,SansSlam,3,,;
0.5,SansBody,HandRight,,;
0,SansSlam,0,,;
0.5,SansBody,HandLeft,,;
0,SansSlam,2,,;
;
;
0.5,SansBody,HandRight,,;
0,SansSlam,0,,;
0.4,SansBody,HandDown,,;
0,SansSlam,1,,;
0.5,SansBody,HandRight,,;
0,SansSlam,0,,;
0.5,SansBody,HandLeft,,;
0,SansSlam,2,,;
;
0,SansHead,Tired1,,;
0.5,SansBody,HandRight,,;
0,SansSlam,0,,;
;
0.4,SansBody,HandUp,,;
0,SansSlam,3,,;
0.5,SansBody,HandRight,,;
0,SansSlam,0,,;
0.5,SansBody,HandUp,,;
0,SansSlam,3,,;
;
0.4,SansBody,HandDown,,;
0,SansSlam,1,,;
0.5,SansBody,HandRight,,;
0,SansSlam,0,,;
0.9,SansBody,HandLeft,,;
0,SansSlam,2,,;
0.7,SansBody,HandUp,,;
0,SansSlam,3,,;
;
1.4,SansBody,HandDown,,;
0,SansSlam,1,,;
0,SansTorso,Default,,;
0,SansAnimation,Tired,,;
1,Sound,mus_zz_megalovania,0,,;
2,SansText,Alright that's it,,;
0,SansTorso,Shrug,,;
0.2,SansText,Time for my Special attack,,;
1.5,SansText,Yep,,;
0.1,SansText, It's nothing,,,;
0,SansHead,LookLeft,,;
0,SansText,And its not gonna be anything either,,,;
0.5,SansHead,NoEyes,,;
0,SansText,Heh heh heh,,,;
0,SansText, Ya get it?,,;
0,SansHead,Default,,;
0,SansText,I know i can't beat you,,,,;
0,SansHead,ClosedEyes,,;
0,SansText,One of your turns,,,;
0,SansHead,Tired1,,;
0,SansText,You're just gonna kill me,,,;
0,SansTorso,Shrug,,;
0,SansText,So uh,,;
0,SansHead,Default,,;
0,SansText,I've *yawn* decided,,;
0,SansText,It's not going to BE your turn ,,,;
0,SansTorso,Default,,;
0,SansText,I'm just gonna keep having MY turn until you give up,;
0,SansHead,Noeyes,,;
0,SansText,Even if it means we have to stand here until the end of time,;
5,SansText,I know your type,,,;
1,SansText,You are uh Very     determined,,,;
2,SansText,If i can make that clear,,,;
2,SansText,You'll try to complete    anything,,,;
2.1,SansText,Not for any desire for      good or evil,,,;
0.1,SansText, But just because you     think you can,,;
"0.2,SansText, And since you ""can"" you   ""have to"",,,";
0.4,SansText,But now?,,,;
0,SansText,You've reached the end,,;
3,SansText,So uh *Yawn* the most determined thing you can     do here?,,,;
2,SansText, is to completely give up,,,;
10, SansHead,Default,,,;
5,SansHead,Tired1,,,;
6,SansHead,Tired2,,,;
9,SansHead,ClosedEyes,,,;
1.5,BlackScreen,1,,;
0,Sound,PlayerFight,,,;
0,Sound,PlayerFight,,,;
5,EndAttack,,,;
